<?xml version="1.0" encoding="UTF-8"?>

<flexgridsim version="0.4">
    <rsa module="LocalDefrag" rightWeight="0.1" leftWeight="0.1"/>

    <trace file="trace.tr"/>

    <traffic calls="100000" load="215" max-rate="100">
        <calls holding-time="0.5" rate="50" cos="1" weight="1"/>
        <calls holding-time="0.5" rate="125" cos="1" weight="1"/>
        <calls holding-time="0.5" rate="300" cos="1" weight="1"/>
    </traffic>

    <virtual-topology  name="USA">
    </virtual-topology>
    
 <physical-topology name="USA" slots="240" slotsBandwidth="12.5">
        <nodes>
            <node id="0">
            <node id="1"/>
            <node id="2"/>
            <node id="3"/>
            <node id="4"/>
            <node id="5"/>
            <node id="6"/>
            <node id="7"/>
            <node id="8"/>
            <node id="9"/>
            <node id="10"/>
            <node id="11"/>
            <node id="12"/>
            <node id="13"/>
            <node id="14"/>
            <node id="15"/>
            <node id="16"/>
            <node id="17"/>
            <node id="18"/>
            <node id="19"/>
            <node id="20"/>
            <node id="21"/>
            <node id="22"/>
            <node id="23"/>
        </nodes>
        <links>
            <link id="0" source="0" destination="1" delay="4" bandwidth="192" weight="800"/>
            <link id="1" source="1" destination="0" delay="4" bandwidth="192" weight="800"/>
            <link id="2" source="0" destination="5" delay="5" bandwidth="192" weight="1000"/>
            <link id="3" source="5" destination="0" delay="5" bandwidth="192" weight="1000"/>
            <link id="4" source="1" destination="2" delay="5.5" bandwidth="192" weight="1100"/>
            <link id="5" source="2" destination="1" delay="5.5" bandwidth="192" weight="1100"/>
            <link id="6" source="1" destination="5" delay="4.75" bandwidth="192" weight="950"/>
            <link id="7" source="5" destination="1" delay="4.75" bandwidth="192" weight="950"/>
            <link id="8" source="2" destination="3" delay="1.25" bandwidth="192" weight="250"/>
            <link id="9" source="3" destination="2" delay="1.25" bandwidth="192" weight="250"/>
            <link id="10" source="2" destination="4" delay="4" bandwidth="192" weight="800"/>
            <link id="11" source="4" destination="2" delay="4" bandwidth="192" weight="800"/>
            <link id="12" source="2" destination="6" delay="5" bandwidth="192" weight="1000"/>
            <link id="13" source="6" destination="2" delay="5" bandwidth="192" weight="1000"/>
            <link id="14" source="3" destination="4" delay="4" bandwidth="192" weight="800"/>
            <link id="15" source="4" destination="3" delay="4" bandwidth="192" weight="800"/>
            <link id="16" source="3" destination="6" delay="4.25" bandwidth="192" weight="850"/>
            <link id="17" source="6" destination="3" delay="4.25" bandwidth="192" weight="850"/>
            <link id="18" source="4" destination="7" delay="6" bandwidth="192" weight="1200"/>
            <link id="19" source="7" destination="4" delay="6" bandwidth="192" weight="1200"/>
            <link id="20" source="5" destination="6" delay="5" bandwidth="192" weight="1000"/>
            <link id="21" source="6" destination="5" delay="5" bandwidth="192" weight="1000"/>
            <link id="22" source="5" destination="8" delay="6" bandwidth="192" weight="1200"/>
            <link id="23" source="8" destination="5" delay="6" bandwidth="192" weight="1200"/>
            <link id="24" source="5" destination="10" delay="9.5" bandwidth="192" weight="1900"/>
            <link id="25" source="10" destination="5" delay="9.5" bandwidth="192" weight="1900"/>
            <link id="26" source="6" destination="7" delay="5.75" bandwidth="192" weight="1150"/>
            <link id="27" source="7" destination="6" delay="5.75" bandwidth="192" weight="1150"/>
            <link id="28" source="6" destination="8" delay="5" bandwidth="192" weight="1000"/>
            <link id="29" source="8" destination="6" delay="5" bandwidth="192" weight="1000"/>
            <link id="30" source="7" destination="9" delay="4.5" bandwidth="192" weight="900"/>
            <link id="31" source="9" destination="7" delay="4.5" bandwidth="192" weight="900"/>
            <link id="32" source="8" destination="9" delay="5" bandwidth="192" weight="1000"/>
            <link id="33" source="9" destination="8" delay="5" bandwidth="192" weight="1000"/>
            <link id="34" source="8" destination="10" delay="7" bandwidth="192" weight="1400"/>
            <link id="35" source="10" destination="8" delay="7" bandwidth="192" weight="1400"/>
            <link id="36" source="8" destination="11" delay="5" bandwidth="192" weight="1000"/>
            <link id="37" source="11" destination="8" delay="5" bandwidth="192" weight="1000"/>
            <link id="38" source="9" destination="12" delay="4.75" bandwidth="192" weight="950"/>
            <link id="39" source="12" destination="9" delay="4.75" bandwidth="192" weight="950"/>
            <link id="40" source="9" destination="13" delay="4.25" bandwidth="192" weight="850"/>
            <link id="41" source="13" destination="9" delay="4.25" bandwidth="192" weight="850"/>
            <link id="42" source="10" destination="11" delay="4.5" bandwidth="192" weight="900"/>
            <link id="43" source="11" destination="10" delay="4.5" bandwidth="192" weight="900"/>
            <link id="44" source="10" destination="14" delay="6.5" bandwidth="192" weight="1300"/>
            <link id="45" source="14" destination="10" delay="6.5" bandwidth="192" weight="1300"/>
            <link id="46" source="10" destination="18" delay="13" bandwidth="192" weight="2600"/>
            <link id="47" source="18" destination="10" delay="13" bandwidth="192" weight="2600"/>
            <link id="48" source="11" destination="12" delay="4.5" bandwidth="192" weight="900"/>
            <link id="49" source="12" destination="11" delay="4.5" bandwidth="192" weight="900"/>
            <link id="50" source="11" destination="15" delay="5" bandwidth="192" weight="1000"/>
            <link id="51" source="15" destination="11" delay="5" bandwidth="192" weight="1000"/>
            <link id="52" source="12" destination="13" delay="3.25" bandwidth="192" weight="650"/>
            <link id="53" source="13" destination="12" delay="3.25" bandwidth="192" weight="650"/>
            <link id="54" source="12" destination="16" delay="5.5" bandwidth="192" weight="1100"/>
            <link id="55" source="16" destination="12" delay="5.5" bandwidth="192" weight="1100"/>
            <link id="56" source="13" destination="17" delay="6" bandwidth="192" weight="1200"/>
            <link id="57" source="17" destination="13" delay="6" bandwidth="192" weight="1200"/>
            <link id="58" source="14" destination="15" delay="3" bandwidth="192" weight="600"/>
            <link id="59" source="15" destination="14" delay="3" bandwidth="192" weight="600"/>
            <link id="60" source="14" destination="19" delay="6.5" bandwidth="192" weight="1300"/>
            <link id="61" source="19" destination="14" delay="6.5" bandwidth="192" weight="1300"/>
            <link id="62" source="15" destination="16" delay="5" bandwidth="192" weight="1000"/>
            <link id="63" source="16" destination="15" delay="5" bandwidth="192" weight="1000"/>
            <link id="64" source="15" destination="20" delay="5" bandwidth="192" weight="1000"/>
            <link id="65" source="20" destination="15" delay="5" bandwidth="192" weight="1000"/>
            <link id="66" source="15" destination="21" delay="4" bandwidth="192" weight="800"/>
            <link id="67" source="21" destination="15" delay="4" bandwidth="192" weight="800"/>
            <link id="68" source="16" destination="17" delay="4" bandwidth="192" weight="800"/>
            <link id="69" source="17" destination="16" delay="4" bandwidth="192" weight="800"/>
            <link id="70" source="16" destination="21" delay="4.25" bandwidth="192" weight="850"/>
            <link id="71" source="21" destination="16" delay="4.25" bandwidth="192" weight="850"/>
            <link id="72" source="16" destination="22" delay="5" bandwidth="192" weight="1000"/>
            <link id="73" source="22" destination="16" delay="5" bandwidth="192" weight="1000"/>
            <link id="74" source="17" destination="23" delay="4.5" bandwidth="192" weight="900"/>
            <link id="75" source="23" destination="17" delay="4.5" bandwidth="192" weight="900"/>
            <link id="76" source="18" destination="19" delay="6" bandwidth="192" weight="1200"/>
            <link id="77" source="19" destination="18" delay="6" bandwidth="192" weight="1200"/>
            <link id="78" source="19" destination="20" delay="3.5" bandwidth="192" weight="700"/>
            <link id="79" source="20" destination="19" delay="3.5" bandwidth="192" weight="700"/>
            <link id="80" source="20" destination="21" delay="1.5" bandwidth="192" weight="300"/>
            <link id="81" source="21" destination="20" delay="1.5" bandwidth="192" weight="300"/>
            <link id="82" source="21" destination="22" delay="3" bandwidth="192" weight="600"/>
            <link id="83" source="22" destination="21" delay="3" bandwidth="192" weight="600"/>
            <link id="84" source="22" destination="23" delay="4.5" bandwidth="192" weight="900"/>
            <link id="85" source="23" destination="22" delay="4.5" bandwidth="192" weight="900"/>
        </links>
    </physical-topology>
    <graphs>
    	<graph name="mbbr" dots-file="local1-graph-mbbr.dat"/>
    	<graph name="fragmentation" dots-file="local1-graph-fragmentation.dat"/>
    	<graph name="hops" dots-file="local1-graph-hops.dat"/>
    </graphs>
</flexgridsim>
